5,6.316533910351384e-08,1.515199301831237e-08,2.7250063434828704e-07,1.3881126154909258e-07,1.4832470764721186e-09
10,7.733787400485041e-07,6.316533910351384e-08,3.1493115050157534e-07,1.515199301831237e-08,3.531417617678924e-07,2.7250063434828704e-07,1.6185353827043166e-06,1.3881126154909258e-07,1.4832470764721186e-09,3.4676468416840954e-07
20,4.384079257145144e-05,7.733787400485041e-07,6.316533910351384e-08,5.585771472195302e-05,3.1493115050157534e-07,1.515199301831237e-08,4.233448504563712e-06,3.531417617678924e-07,3.515001032805184e-05,3.4373896201469404e-05,2.7250063434828704e-07,1.0787370611176216e-05,1.6185353827043166e-06,1.3881126154909258e-07,6.30176889953108e-05,1.3299400584295243e-05,8.390512625447278e-05,7.969054035000235e-05,1.4832470764721186e-09,3.4676468416840954e-07
30,0.0009160189619122209,4.384079257145144e-05,7.733787400485041e-07,6.316533910351384e-08,0.0001597723424922084,5.585771472195302e-05,0.0005271428271799614,3.1493115050157534e-07,1.515199301831237e-08,4.233448504563712e-06,3.531417617678924e-07,3.515001032805184e-05,0.00025364069598254435,3.4373896201469404e-05,0.00019689208409632547,2.7250063434828704e-07,1.0787370611176216e-05,0.00019411407120720753,1.6185353827043166e-06,1.3881126154909258e-07,6.30176889953108e-05,1.3299400584295243e-05,0.0004681871106131162,0.00015016445156254294,8.390512625447278e-05,7.969054035000235e-05,1.4832470764721186e-09,0.0001281149996851744,0.0004906386635081012,3.4676468416840954e-07
40,0.0009160189619122209,4.384079257145144e-05,7.733787400485041e-07,6.316533910351384e-08,0.0001597723424922084,0.0013060652187257683,5.585771472195302e-05,0.0005271428271799614,3.1493115050157534e-07,1.515199301831237e-08,4.233448504563712e-06,0.0024310577931215336,0.00225286505862284,0.001338415788313385,3.531417617678924e-07,0.0014336354319064502,3.515001032805184e-05,0.00025364069598254435,3.4373896201469404e-05,0.00019689208409632547,0.0019648108801156145,2.7250063434828704e-07,1.0787370611176216e-05,0.00019411407120720753,0.0014911843096874205,1.6185353827043166e-06,1.3881126154909258e-07,6.30176889953108e-05,1.3299400584295243e-05,0.0004681871106131162,0.00015016445156254294,8.390512625447278e-05,7.969054035000235e-05,1.4832470764721186e-09,0.0001281149996851744,0.001412485747325058,0.0004906386635081012,0.0018000635079208453,0.0016685826675388576,3.4676468416840954e-07
50,0.005106722195259244,0.0009160189619122209,4.384079257145144e-05,7.733787400485041e-07,6.316533910351384e-08,0.0029207727352283295,0.0001597723424922084,0.0013060652187257683,5.585771472195302e-05,0.0005271428271799614,3.1493115050157534e-07,1.515199301831237e-08,4.233448504563712e-06,0.0024310577931215336,0.00225286505862284,0.001338415788313385,0.0046319964187535815,3.531417617678924e-07,0.0014336354319064502,3.515001032805184e-05,0.00025364069598254435,3.4373896201469404e-05,0.00019689208409632547,0.0019648108801156145,2.7250063434828704e-07,1.0787370611176216e-05,0.004065977061148123,0.00019411407120720753,0.002487999409854351,0.0014911843096874205,0.0037874845675032816,1.6185353827043166e-06,1.3881126154909258e-07,6.30176889953108e-05,1.3299400584295243e-05,0.0004681871106131162,0.00015016445156254294,8.390512625447278e-05,7.969054035000235e-05,1.4832470764721186e-09,0.0001281149996851744,0.001412485747325058,0.0004906386635081012,0.0018000635079208453,0.0038734686922283863,0.0016685826675388576,3.4676468416840954e-07,0.002807026207754245,0.002690057812335823,0.004536950775988864
0.8,0.85,0.85,0.85,0.8666666666666667,0.8
The LIWC are chose in both situation. It may caused by that the LIWC are more close to the content of the words.
"p values are Lower with more data. With more data, we are more sure about the importance of the features we have."
"Number of adverbs, Number of proper nouns and LIWC features. Those may affect the power of the sentences. And affect the comment category. "
